{"name": "SQL/Python顾问", "detail_url": "https://www.zhipin.com/job_detail/df790aa807922eb11nJz2t-4FVs~.html", "salary": "10k-15k", "company": "海大集团", "job_sec": "岗位职责：1、协助部门经理对大数据平台进行设计和规划；", "adress": "广州番禺区海大大厦9楼"}
{"name": "Python", "detail_url": "https://www.zhipin.com/job_detail/4992cc13abebb7101nN73N2_FFE~.html", "salary": "10k-15k", "company": "纷可网络", "job_sec": "python后端开发岗位，薪酬上视能力向上适配。岗位职责1、根据公司业务需求，进行技术后台（包括但不限于房态管理、订单系统、对话系统）开发2、负责Python技术的相关产品规划、需求、设计、开发、测试等研发工作3、督进开发进度和任务分配，完成相应模块软件的设计、开发、编程任务4、进行程序单元、功能的测试，查出软件存在的缺陷并解决技能要求1、本科及以上学历，计算机相关专业，2年以上Python经验2、能熟悉应用Python编程语言、有Django框架以及MySQL数据库管理系统的项目经验3、有对接Vue.js的前端开发、使用Git版本控制工具经验4、具备项目管理、问题分析和解决能力5、好的编程习惯及代码风格，要求结构清晰，命名规范，逻辑性强", "adress": "广州越秀区中华国际中心5315广州纷可"}
{"name": "平台研发工程师（Python）", "detail_url": "https://www.zhipin.com/job_detail/911c15b44040082c1Xdz3dS_EFM~.html", "salary": "10k-20k", "company": "中移互联网", "job_sec": "【工作职责】1、参与智能短信及云通讯录平台的设计、开发、维护；2、参与或主导开发质量优化工作；3、负责平台与SDK全流程测试管理；【专业经历】基础要求：1、有5年以上的编码经验（优秀可放宽），精通Java/python其中一种语言；2、熟悉linux操作系统，熟练掌握linux系统命令，以及linux shell脚本开发；3、对开源中间件有了解及使用，对MQ、Redis、Memcache等流行开源组件有了解及使用经验；4、具备良好的沟通协调能力，和较强的抗压能力；具备快速学习能力；加分项：【能力素质】1、具有3年以上项目开发经验，熟练掌握JAVA平台开发经验者佳；2、了解或对QA流程感兴趣者优先；", "adress": "广东省广州市天河区中国移动通信集团南方基地"}
{"name": "Python开发工程师", "detail_url": "https://www.zhipin.com/job_detail/aa96c9176293e8231Xd_0t-5E1o~.html", "salary": "10k-15k", "company": "多益网络", "job_sec": "岗位职责：负责游戏自行化测试工具及平台的后台开发工作，dev-ops+测试自动化任职要求：1、大学本科及以上学历，计算机相关专业毕业；2、熟练掌握Python编程，有一定的web后台开发经验者尤佳；3、热爱游戏，对参与游戏自动化测试开发领域有热忱。", "adress": "广州黄埔区伴河路(公交站)90号"}
{"name": "python讲师", "detail_url": "https://www.zhipin.com/job_detail/45bbc31a2d289b3d1XZ-2dm_FVY~.html", "salary": "10k-15k", "company": "牵引力教育", "job_sec": "岗位职责：1、负责Python课程体系设计和完善；2、负责Python课程爬虫、数据分析、网站开发的讲授；3、完成领导交办的其它工作任职资格：1、 计算机相关专业，全日制大专及以上学历2、 至少2年以上Python编程经验3、 逻辑清晰、工作认真、执行力强、积极乐观、学习能力强4、 了解计算机硬件、Linux基础5、 Python基础知识扎实(熟练函数、面向对象、装饰器、多任务、网络通信)6、 掌握数据库(MySQL、MongoDB、Redis)7、 掌握爬虫(xpath/bs4、scrapy)、数据分析(numpy、pandas、matplotlib)8、 掌握Django、Flask、Tornado两种以上，了解RESTful9、 算法及数据结构的python语言描述", "adress": "广州市 白云区 恒企大厦 A栋1楼"}
{"name": "Python爬虫工程师", "detail_url": "https://www.zhipin.com/job_detail/de7a8355c354b9771Xd829q0E1o~.html", "salary": "10k-18k", "company": "多益网络", "job_sec": "工作职责：【广州】技术工程中心1、参与分布式爬虫和数据采集系统的架构设计和开发；2、负责网络数据抓取规划、定期爬取指定网站的数据；3、设计爬虫策略和防屏蔽规则，提升网页抓取的效率和质量；4、参与数据层建设，专注于垂直领域数据爬取，进行多平台信息的抓取和分析；5、实现数据提取、清洗、结构化、入库、统计分析等需求；6、研究优化算法，提升爬虫系统的稳定性、可扩展性。职位要求：【广州】技术工程中心1、本科以上学历，计算机相关专业，有爬虫和反爬虫开发经验优先，有App爬取经验优先；2、熟悉linux平台开发，精通Python，熟悉常用的爬虫框架和工具；3、熟悉MongoDB、Redis、Mysql，掌握MQ，了解HBase、KAFKA等；4、熟悉HTTP协议，熟悉正则表达式、XPath、CSS选择器等，了解常用验证码识别技术；5、能独立解决实际开发过程碰到的各类问题。", "adress": "广州黄埔区伴河路(公交站)90号"}
{"name": "Python", "detail_url": "https://www.zhipin.com/job_detail/02e250e8588524251nN509q-EFE~.html", "salary": "10k-20k", "company": "有米科技", "job_sec": "1.python 技术，各种第三方包的使用。2. 可行策略支持， 对各种网站反爬策略了解。3. chrome 调试和html元素定位。4.  数据处理，了解熟练操作 数据库，后端技术熟练。5. grpc，thrift。等微服务框架认识。6. 数据库sql了解，处理数据基本思路逻辑紧密。7. 扎实的c，数据结构基础，这个是所有条件的中心。", "adress": "广州番禺区有米科技大厦16楼"}
{"name": "python高级开发工程师", "detail_url": "https://www.zhipin.com/job_detail/919870e6ede809951XZ82966FlQ~.html", "salary": "10k-20k", "company": "广州经传", "job_sec": "岗位职责：1、负责公司量化交易平台的设计和开发维护2、负责封装C/C++底层类库，实现多语言混合开发3、不断提高团队的代码质量和工作效率，营造技术氛围职位要求:1年以上Python经验，熟悉Django, Tornado, Flask框架中的至少一种，熟悉Web后端架构2、熟悉Linux平台环境的开发，掌握Linux常用命令3、熟悉python网络编程，能够设计和维护基于TCP/IP协议的高性能事件驱动框架程序4、熟悉mysql、mongodb、redis等数据库使用有下列经验的加分1、掌握scikit-learn等机器学习框架，并有相关经验加分2、有libevent、zeromq等实际项目经验加分我们将为您提供：0、终身快速科学上网服务（全球各地有SS节点）1、薪资：我们提供行业内有竞争力的薪酬；（BTW: 试用期是 100%薪资）2、奖金+提成：优秀的您可以共享公司的经营业绩，直接每月兑现公司总销售利润；3、基本保障福利：公司按照国家规定为员工实额缴纳社会保险；4、额外补充福利：* 晋升加薪类：每年有超过行业平均的加薪幅度；* 礼金礼品类: 过节费、各类礼金等；* 员工关怀类: “家人生日会“(程序猿/媛的生日可以更加丰富多彩的）* 团队建设类：团队月度“腐败”活动+“每天充足的零食”+设备补贴（以补贴一个15寸高配rMBP的价格来每月返还）* 年度旅游+自由度大+提升空间大+快速成长期，等等!来了你就知道！注意：此岗位为技术部直聘岗位，位置在番禺天安科技园，暂时都是每周六天班（高福利，高效率，创业文化）不过我们有另外一些措施也改善下大家的上班体验1. 给予超市场回报的薪水（也提供更快加速度的涨薪幅度）2. 周六下午尽可能以组织技术分享交流为主3. 相对弹性上下班，请假制度，不鼓励加班，倡导高效开发文化。", "adress": "广州市 番禺区 番禺节能科技园总部大厦2号楼 1902"}
{"name": "Python", "detail_url": "https://www.zhipin.com/job_detail/7e59b730447af33f1XB60tS0E1E~.html", "salary": "13k-19k", "company": "北京中讯汉扬", "job_sec": "岗位要求：1. 精通Python，4年以上Python后台开发经验，有良好的编码习惯2. 需要有openstack云平台开发经验，熟悉OpenStack API，不限于NOVA/NEUTRON/CINDER/HEAT等模块3. 熟悉Django/Tornado等web开发框架；4. 熟悉大型分布式系统设计与开发，并具备MQ、NoSQL实战经验5. 熟悉Unix/Linux操作系统下的开发，部署，维护等工作6. 具备良好的分析解决问题能力和团队合作", "adress": "广州市 天河区 天河区 广州市天河区黄埔大道西120号高志大厦20楼"}
{"name": "Python工程师", "detail_url": "https://www.zhipin.com/job_detail/3a3b4481b630ce471nR_2Ny8GVE~.html", "salary": "10k-15k", "company": "紫晶信息存储", "job_sec": "岗位职责：1、开发云存储应用程序、管理系统2、开发Python服务端程序3、维护现有软件4、代码Review，检查同组其他成员的代码工作要求：* 精通Python语言，2年以上Python开发相关工作经验。* 熟悉Java，有 Java 相关项目经验者优先。* 熟悉 linux 操作系统、shell脚本编程。* 了解OpenStack、Hadoop者优先。* 有存储系统、文件系统开发相关经验者优先。* 有多线程、高并发服务器开发经验者优先。* 良好代码规范、适当的注释。* 态度良好，有 owner 精神。", "adress": "番禺大道敏捷上城国际1305室"}
{"name": "Python开发工程师", "detail_url": "https://www.zhipin.com/job_detail/e45e30f6a238189b1XR80tW4E1c~.html", "salary": "10k-15k", "company": "F5未来商店", "job_sec": "岗位要求：1.编写Python服务端应用2.进行人脸识别、图像处理、文字识别等研究和应用3.使用深度学习的方法，实现物体识别、数据挖掘、优化控制调度逻辑等技能要求：招聘要求\t## 基础要求（满足你就可以来试试）熟悉Python语言语法，有一定的开发经验本科毕业## 进阶要求（有了这个你基本可以通过面试）使用Python做过人脸识别、图像处理、文字识别等任务训练过人脸识别、物体识别、文字识别等领域的模型或者神经网络数据了解并实践过TersorFlow或其他的机器学习框架## 高阶要求（就要你了）在深度学习领域有一定实践经验具备数据预处理能力熟悉分类、回归、聚类等机器学习方法## 加分项（你会让我两眼放光）具备良好的空间想象力善于分析和解决问题，化未知为已知## 面试过程笔试：完成几道专门用来刁难你的上机题面试：面试过才能决定你是否被录用", "adress": "广州市 海珠区 振华商务中心 701"}
{"name": "自动化测试（Python）", "detail_url": "https://www.zhipin.com/job_detail/ed789b195ff13c031XV72t-1F1Q~.html", "salary": "10k-11k", "company": "德科信息", "job_sec": "岗位职责公募基金机构柜台上线的全面功能测试、升级测试、应急测试、配合合作的基金公司测试。岗位要求1、3年以上测试经验，熟悉ORACLE数据库操作。2、有自动化测试基础，熟悉Python语言，使用过selenium、robot、ranorex、QTP等自动化工具，能基于项目特点开发自动化测试框架3、精通功能测试，能规范编写测试用例、测试报告，熟悉常用缺陷管理工具。", "adress": "广州市 天河区 潭村(地铁站)"}
{"name": "python高级开发工程师", "detail_url": "https://www.zhipin.com/job_detail/13b6c80c59c5ca6f1nN62t64FlY~.html", "salary": "10k-20k", "company": "网易游戏", "job_sec": "岗位要求：1，熟悉 nginx + uWSGI + python 开发栈；2，熟悉TCP/IP、HTTP等网络协议，精通网络编程；3，熟悉 Linux 系统，以及相关工具链；4，熟悉常见的并发处理模型；5，熟悉数据库原理；6，善于沟通，要有团队合作精神，能承受一定强度的工作压力；7，有分布式系统设计开发经验优先；8，熟悉mysql、redis优先；9，热爱游戏，有丰富游戏经验者优先。工作职责：1，负责《我的世界》Web后端开发；2，现有实现方案调优；", "adress": "珠江新城侨鑫国际大厦"}
{"name": "Python", "detail_url": "https://www.zhipin.com/job_detail/6373d1b8902a55a81XZz2dm9GVA~.html", "salary": "10k-20k", "company": "蓝宝诺德", "job_sec": "职位要求:1、1年以上Python经验，熟悉Django, Tornado, Flask框架中的至少一种，熟悉Web后端架构2、熟悉Linux平台环境的开发，掌握Linux常用命令3、熟悉python网络编程，能够设计和维护基于TCP/IP协议的高性能事件驱动框架程序4、熟悉mysql、mongodb、redis等数据库使用5、掌握基于WebSoceket的单页应用的开发思想和技术栈公司简介：我们是一家专注于区块链量化交易的科技公司，公司成员有来自蚂蚁金服，腾讯，平安集团等各大互联网公司，在区块链这圈子内有很多独特的渠道以及人脉关系，在这里您可以接触到其他人的无法触及的信息以及技能。", "adress": "广州天河区羊城创意产业园3-23D 蓝宝诺德科技有限公司"}
{"name": "Python工程师", "detail_url": "https://www.zhipin.com/job_detail/f1f7a539953c3b1b1XZ_2Nu8GFY~.html", "salary": "10k-16k", "company": "鹰漠旅行", "job_sec": "热爱技术、能独立工作、对代码质量有高要求精通python，有1年以上的python开发经验熟悉celery，redis，mongodb有爬虫的开发经验者优先", "adress": "广州海珠区广州T.I.T创意园"}
{"name": "后台开发Python高级工程师", "detail_url": "https://www.zhipin.com/job_detail/4e554d7ef8caa7e41XB409u7GFE~.html", "salary": "14k-19k", "company": "北京中讯汉扬", "job_sec": "岗位要求：1. 精通Python，4年以上Python后台开发经验，有良好的编码习惯2. 需要有openstack云平台开发经验，熟悉OpenStack API，不限于NOVA/NEUTRON/CINDER/HEAT等模块3. 熟悉Django/Tornado等web开发框架；4. 熟悉大型分布式系统设计与开发，并具备MQ、NoSQL实战经验5. 熟悉Unix/Linux操作系统下的开发，部署，维护等工作6. 具备良好的分析解决问题能力和团队合作能力", "adress": "广州市 天河区 天河区 广州市天河区黄埔大道西120号高志大厦20楼"}
{"name": "Python客户端高级开发工程师", "detail_url": "https://www.zhipin.com/job_detail/11e0a8af56b1cd291nN62t66GFs~.html", "salary": "10k-20k", "company": "网易游戏", "job_sec": "岗位要求：1，精通python开发，两年以上相关工作经验；2，精通脚本层接口抽象、设计；3，熟练掌握常用数据结构及算法；4，具备良好的编程习惯，对设计模式有一定了解；5，热爱游戏，能适应高强度的开发与工作压力；工作职责：1，游戏客户端脚本层设计与开发；2，游戏客户端持续优化；", "adress": "珠江新城侨鑫国际大厦"}
{"name": "python开发工程师", "detail_url": "https://www.zhipin.com/job_detail/b0ad5c813e6c2d671XZ83926F1c~.html", "salary": "10k-20k", "company": "盈链资本", "job_sec": "职责：负责数字货币量化策略的程序化；负责量化策略代码的优化；负责建立、跟踪、维护相关数据库及策略回测、监测系统；要求：精通 python 和 websocket、restful 接口开发；熟悉 javascript，有扎实的编程功底；熟悉 NoSQL 数据库，如 MongoDB、Redis；计算机或相关专业，本科或以上学历；有相关工作经验2年以上；有海外数字货币交易所API接口的开发经验优先；熟悉量化交易程序化优先；熟悉数字货币交易流程优先。", "adress": "广州天河区体育西路地铁站G口"}
{"name": "后端开发工程师（Python、Java）", "detail_url": "https://www.zhipin.com/job_detail/7999b87f3cdeae761nNy3t2_F1M~.html", "salary": "10k-18k", "company": "包你说", "job_sec": "岗位职责：1.能快速充分理解该产品需求, 按照公司的开发流程和项目管理流程进行公司业务系统的项目开发工作和业务系统的维护工作；2、主要对产品后端逻辑、数据应用层以及配合前端工程师完成后端开发3、负责服务器的正常运营维护及应急问题的处理；4、参与产品功能实现的设计、编码、测试以及维护5、具备良好和规范的编码风格；岗位要求：计算机或相关专业大学及以上学历；精通Java或python语言，有1年以上java、python开发工作经验；熟悉J2EE相关技术，对框架有深入理解，熟悉常用java、python应用服务器和 Web服务器的部署和管理；熟悉TCP / IP，HTTP等网络协议；熟悉Mysql数据库，有良好的数据库设计能力和sql编写能力；熟悉Linux常用命令，能独立在上面进行开发，测试和部署；熟练掌握多线程、高并发、集群、分布式编程技术优先；熟悉网络编程，具有设计和开发对外API接口经验和能力；熟悉bash、perl，python等一门脚本语言；有移动平台相关项目优先；熟悉git, 有处理高并发经验；能与客户端配合，设计适合于不同终端(微信小程序，app移动端,web端等)适用的交互接口；优秀的领导能力，优秀的团队协作沟通能力及团队合作精神，具备较强的项目分析及高效解决问题的能力；", "adress": "广州番禺区有米科技大厦8楼D区域"}
{"name": "Python开发工程师", "detail_url": "https://www.zhipin.com/job_detail/5e1db2394157d2351nx-3dm9F1c~.html", "salary": "10k-18k", "company": "机智云", "job_sec": "职位说明：1、负责机智云平台服务的开发维护工作。2、独立处理和解决所负责的任务。任职要求：1、计算机相关专业本科及以上学历，需要有一定的系统分析能力，2年以上开发经验。2、 能熟练使用 Python 在 Linux 环境下进行开发。3、 熟悉 MySQL，MongoDB，Redis 中的一个或者多个。4、 熟练使用 git。5、 熟悉 Django 框架，能独立开发 Web 服务和 RESTful API 服务，有独立完成的线上作品优先。6、 有 Docker 使用经验优先。7、 有 RabbitMQ 或其他消息队列使用经验优先。备注：此岗位接受优秀实习生、应届生应聘。", "adress": "广州天河区天平架陶庄路5号众创空间8楼机智云"}
{"name": "Python", "detail_url": "https://www.zhipin.com/job_detail/00d56d0cae29aedf1XR83d21F1U~.html", "salary": "12k-18k", "company": "南方无线电视", "job_sec": "岗位职责：1．参与高并发的后台服务系统的需求整理和开发工作2．负责系统性能优化和改进3．运用在分布式系统，构建能够满足产品需求的平台，系统及网络基础结构。岗位要求：1．熟悉Python，并具备良好的编程风格，以及能够撰写良好的技术文档；2．深入理解和使用JSON and RESTful Web Services、RPC通信接口开发；3．熟悉消息组件，Kafka、Mongodb、Redis的使用；4．有除 Python 外，任一主流语言开发经验（C/C++/C#/Java/PHP/Nodejs等）；5．熟悉Linux环境，具备两年以上的linux环境开发经验；6．具备系统架构设计能力，有独立设计开发项目经验者优先；7．有较强的分析问题与独立解决问题的能力，良好的沟通能力及团队合作精神；8．有分布式系统 设计经验者优先。", "adress": "广州越秀区广东广播电视台(人民北路)广州市越秀区人民北路686号"}
{"name": "Python开发工程师", "detail_url": "https://www.zhipin.com/job_detail/7a5923a71a745ac81XB43d65ElY~.html", "salary": "12k-18k", "company": "讯一佳", "job_sec": "职位描述：1， 基于云平台的Python开发工程师；2， 有云计算经验，熟练MYSQL及Oracle数据库开发；3， 熟练openstack框架开发及；4， 主要工作是开发给实施、运营人员的使用工具（统计报表、日志表之类）。任职要求1、本科以上，三年以上经验；2、有云项目经验优先，对云方向有兴趣；3、有电网项目经验者优先。", "adress": "广州市 天河区 珠江新城(地铁站) 华穗路6号南网大楼813"}
{"name": "Python高级开发工程师", "detail_url": "https://www.zhipin.com/job_detail/6b814c71c5d32bb91XB62N25Fls~.html", "salary": "10k-20k", "company": "广州诚益", "job_sec": "职位描述：1、具有良好的沟通能力；2、能对产品需求进行分析，提供技术方案，并能单独完成需求；3、能及时发现需求中出现的问题，独立思考原因，并解决；4、有较强的抗压能力，承受多重的工作压力。专业素质要求：1、统计学、应用数学、计算机等相关专业，本科及以上学历；2、熟练Python，熟练掌握numpy、pandas、sklearn等第三方库；3、熟悉数据采集与处理，掌握scrapy/request等采集方式，至少熟悉flask/django其中一种框架；4、熟练掌握多种统计和挖掘方法，了解推荐算法；5、较强的数据敏感度，逻辑分析能力和文档写作能力；6、有责任心，良好的沟通能力和组织管理能力以及心理承受能力，勇于接受挑战。", "adress": "广州市 越秀区 喜聚广场 越秀北路319号喜聚广场2楼258"}
{"name": "Python高级开发工程师", "detail_url": "https://www.zhipin.com/job_detail/b8b310dee22c79a01XB70928Els~.html", "salary": "10k-20k", "company": "广州诚益", "job_sec": "职位描述：1、具有良好的沟通能力；2、能对产品需求进行分析，提供技术方案，并能单独完成需求；3、能及时发现需求中出现的问题，独立思考原因，并解决；4、有较强的抗压能力，承受多重的工作压力。专业素质要求：1、统计学、应用数学、计算机等相关专业，本科及以上学历；2、熟练Python，熟练掌握numpy、pandas、sklearn等第三方库；3、熟悉数据采集与处理，掌握scrapy/request等采集方式，至少熟悉flask/django其中一种框架；4、熟练掌握多种统计和挖掘方法，了解推荐算法；5、较强的数据敏感度，逻辑分析能力和文档写作能力；6、有责任心，良好的沟通能力和组织管理能力以及心理承受能力，勇于接受挑战。", "adress": "广州市 越秀区 喜聚广场 越秀北路319号喜聚广场2楼258"}
{"name": "python量化交易", "detail_url": "https://www.zhipin.com/job_detail/b4c8a94f064eb5eb1XV709-9EFc~.html", "salary": "10k-20k", "company": "星空传媒", "job_sec": "1. 负责金融数据抓取;2. 设计与开发数字货币量化模型开发软件平台与自动交易软件平台体系，体系包括数据库，历史数据回测系统以及自动交易系统；3. 设计、完善交易模型，对量化交易数据进行统计、汇总、分析4. 能独立解决实际开发过程碰到的各类问题任职要求：1. 全日制本科及以上学历，金融工程、数量经济、统计学等相关专业；2. 熟练运用python语言3·至少熟练运用一种关系型数据库（mysql，sql，oracle）4·熟悉redis等nosql数据库者优先5·从事程序化交易的编程应用2年以上工作经验，有量化研究及交易经验者优先。6·了解数字货币交易相关知识且金融类软件开发或程序化交易产品开发经验者优先.职能类别：计量工程师关键字：python 工程师 量化 爬虫 投资 分析薪酬福利：1、带薪假期：享受国家法定节假日、婚假、产假（陪护假）、病假、丧假、年假等；2、福利待遇：具竞争力的薪酬+丰厚提成/绩效、月度、季度、年底奖金；五险一金；3、节假贺礼：重大节日礼品/礼金；4、公司活动：定期组织文体活动、聚餐活动、旅游、卡拉OK、烧烤、各类球类比赛等丰富多彩的员工娱乐活动；5、企业培训：新员工入职培训、部门培训、职能培训、专业技能培训等；6、提供外训，公司注重企业文化建设和员工的职业发展。我们是一个年轻积极向上的团队，只要你有想法，有野心，有能力，这里将会给您更好的薪酬和晋升发展空间！", "adress": "广州市 天河区 长湴"}
{"name": "Python开发工程师", "detail_url": "https://www.zhipin.com/job_detail/5b3a5772bb2870101Xd42du-Elc~.html", "salary": "10k-20k", "company": "盈链资本", "job_sec": "岗位职责:1.负责数字货币量化策略的程序化;2.负责量化策略代码的优化;3.负责建立、跟踪、维护相关数据库及策略回测、监控系统;岗位要求:1.精通python和websocket、restful接口开发;2.熟悉javascript，有扎实的编程功底;3.熟悉NoSQL数据库，如MongoDB、Redis;4.计算机或相关专业，本科或以上学历;5.有相关工作经验2年以上;6.有海外数字货币交易所API接口的开发经验有先;7.熟悉量化交易程序化优先;8.熟悉数字货币交易流程优先。", "adress": "广州市 天河区 体育西路地铁站G口"}
{"name": "python开发工程师", "detail_url": "https://www.zhipin.com/job_detail/018e5076f9fc7efd1Xd43Ny_FlY~.html", "salary": "10k-15k", "company": "战神同盟", "job_sec": "1、负责管理后台的开发，参与项目的编程、调试和模块测试工作；2、根据项目需求，能够独立按时完成网站开发任务；3、对相关部门提交的BUG进行分析测试，并作出修改；4、构建与开发公司内部平台系统。职位要求：1、大专及以上学历，计算机相关专业；2、两年以上工作经验，熟悉django flask web.py等相关web框架；3、熟悉jquery等前端框架；4、熟悉css html等相关知识；5、有游戏管理后台开发经验优先。", "adress": "广州市 天河区 棠东东路 御富科贸园"}
{"name": "Python开发工程师", "detail_url": "https://www.zhipin.com/job_detail/3349d1671162c93d1XB52t-0FlU~.html", "salary": "10k-17k", "company": "广农数链信息科技", "job_sec": "岗位职责：1、独立完成后台服务功能模块的设计与开发；2、配合团队其他成员进行模块开发及整合；3、维护所负责的服务模块，并不断持续优化功能系统；4、确保所负责的服务模块能够达到产品要求的质量标准（响应、错误率、不间断服务指标）任职要求1.2年以上python工作经验，且熟悉JAVA。2.熟练掌握django， flask或其他web框架3. 熟练掌握PyQt4设计框架4.熟悉restful，oauth等框架或者技术5.熟悉Linux操作系统，熟悉zabbix。6.具备数据库设计能力，熟悉Redis / MongoDB等NoSQL技术，熟悉git，7.独立解决问题的能力 有良好的团队工作意识 能够承担压力", "adress": "广州市 天河区 中科零壹互联网文创加速器 1楼"}
{"name": "Python", "detail_url": "https://www.zhipin.com/job_detail/4f99ddc7efae9cc61nd_3t61FFA~.html", "salary": "10k-18k", "company": "微宽信息", "job_sec": "本公司从事政券量化投资方向的创业公司，主要应用Python,Java开发量化平台和量化策略。本职位要求：1、熟悉Python或Java，有一到三年编程经验，对量化交易平台开发有经验者优先。2、热爱软件开发工作，工作有热情，能适应加班工作。3、本人平时工作关系，不能直接在网上沟通。有意者请将简历发我邮箱*****", "adress": "广州天河区富力·盈盛广场A座"}
{"name": "Python", "detail_url": "https://www.zhipin.com/job_detail/e52bba52745bc77f1Xdz3dm7EVE~.html", "salary": "12k-16k", "company": "皇松", "job_sec": "（一）   数据分析建模与开发工程师n  岗位职责1.        客户业务需求调研，规划业务模型，数据建模与技术模型开发；2.        针对业务数据分析与商业目标需求，进行需求解析和数据探索、训练和设计等；3.        运用数据挖掘方法分析，用数据驱动商业目标实现，并检验是否达标；4.        负责使用常用数据分析及数据挖掘算法来改进或重新设计核心步骤；n  任职要求1、  统计、数学、信息技术、计算机等相关专业硕士及以上学历 ；2、  掌握多种数据分析建模工具,可实现算法优化 具备R或python能力优先；3、  熟悉SSAS数据分析模型，有丰富的数据分析、挖掘、清洗和建模经验；4、  优秀的商业分析能力，有及时发现和分析其中隐含问题的敏锐性 ，能从复杂业务需求数据进行抽象概括，建立数学模型并。5、  良好的团队合作精神，较强的沟通能力和理解能力；", "adress": "广州黄埔区南翔二路1号"}
{"name": "python工程师/讲师", "detail_url": "https://www.zhipin.com/job_detail/0ec142adc25371621n1z0964FVM~.html", "salary": "11k-15k", "company": "牵引力教育", "job_sec": "1、负责Python课程体系设计和完善；2、负责Python课程爬虫、数据分析、网站开发的讲授；3、完成领导交办的其它工作任职要求：1、计算机相关专业，全日制大专及以上学历2、至少2年以上Python编程经验3、逻辑清晰、工作认真、执行力强、积极乐观、学习能力强4、了解计算机硬件、Linux基础5、Python基础知识扎实(熟练函数、面向对象、装饰器、多任务、网络通信)6、掌握数据库(MySQL、MongoDB、Redis)7、掌握爬虫(xpath/bs4、scrapy)、数据分析(numpy、pandas、matplotlib)8、掌握Django、Flask、Tornado两种以上，了解RESTful9、算法及数据结构的python语言描述", "adress": "广州市 白云区 广州牵引力教育科技有限公司 恒企大厦B栋1楼"}
{"name": "python开发", "detail_url": "https://www.zhipin.com/job_detail/46bd7e4246763b721XZ-3Nu0EFM~.html", "salary": "12k-20k", "company": "省省回头车", "job_sec": "岗位职责：1．参与高并发的后台服务系统的需求整理和开发工作2．负责系统性能优化和改进3．运用在分布式系统，构建能够满足产品需求的平台，系统及网络基础结构。岗位要求：1．熟悉Python，并具备良好的编程风格，以及能够撰写良好的技术文档；2．深入理解和使用JSON and RESTful Web Services、RPC通信接口开发；3．熟悉消息组件，Kafka、Mongodb、Redis的使用；4．有除 Python 外，任一主流语言开发经验（C/C++/C#/Java/PHP/Nodejs等）；5．熟悉Linux环境，具备两年以上的linux环境开发经验；6．具备系统架构设计能力，有独立设计开发项目经验者优先；7．有较强的分析问题与独立解决问题的能力，良好的沟通能力及团队合作精神；8．有分布式系统 设计经验者优先。", "adress": "广州天河区时代TIT广场A区A337"}
{"name": "python开发工程师", "detail_url": "https://www.zhipin.com/job_detail/9d30bbf4625e0cf11XZ_39S7GFA~.html", "salary": "12k-20k", "company": "省省回头车", "job_sec": "岗位职责：1．参与高并发的后台服务系统的需求整理和开发工作2．负责系统性能优化和改进3．运用在分布式系统，构建能够满足产品需求的平台，系统及网络基础结构。岗位要求：1．熟悉Python，并具备良好的编程风格，以及能够撰写良好的技术文档；2．深入理解和使用JSON and RESTful Web Services、RPC通信接口开发；3．熟悉消息组件，Kafka、Mongodb、Redis的使用；4．有除 Python 外，任一主流语言开发经验（C/C++/C#/Java/PHP/Nodejs等）；5．熟悉Linux环境，具备两年以上的linux环境开发经验；6．具备系统架构设计能力，有独立设计开发项目经验者优先；7．有较强的分析问题与独立解决问题的能力，良好的沟通能力及团队合作精神；8．有分布式系统 设计经验者优先。", "adress": "广州天河区时代TIT广场A区A337"}
{"name": "Python", "detail_url": "https://www.zhipin.com/job_detail/9b91830cb5f76dfe1XZz3tS0GVA~.html", "salary": "12k-20k", "company": "省省回头车", "job_sec": "岗位职责：1．参与高并发的后台服务系统的需求整理和开发工作2．负责系统性能优化和改进3．运用在分布式系统，构建能够满足产品需求的平台，系统及网络基础结构。岗位要求：1．熟悉Python，并具备良好的编程风格，以及能够撰写良好的技术文档；2．深入理解和使用JSON and RESTful Web Services、RPC通信接口开发；3．熟悉消息组件，Kafka、Mongodb、Redis的使用；4．有除 Python 外，任一主流语言开发经验（C/C++/C#/Java/PHP/Nodejs等）；5．熟悉Linux环境，具备两年以上的linux环境开发经验；6．具备系统架构设计能力，有独立设计开发项目经验者优先；7．有较强的分析问题与独立解决问题的能力，良好的沟通能力及团队合作精神；8．有分布式系统 设计经验者优先。", "adress": "广州天河区时代TIT广场A区A337"}
{"name": "Python后端开发", "detail_url": "https://www.zhipin.com/job_detail/442b450f71081eaa1Xd60967E1Y~.html", "salary": "12k-20k", "company": "省省回头车", "job_sec": "岗位职责：1．参与高并发的后台服务系统的需求整理和开发工作2．负责系统性能优化和改进3．运用在分布式系统，构建能够满足产品需求的平台，系统及网络基础结构。岗位要求：1．熟悉Python，并具备良好的编程风格，以及能够撰写良好的技术文档；2．深入理解和使用JSON and RESTful Web Services、RPC通信接口开发；3．熟悉消息组件，Kafka、Mongodb、Redis的使用；4．有除 Python 外，任一主流语言开发经验（C/C++/C#/Java/PHP/Nodejs等）；5．熟悉Linux环境，具备两年以上的linux环境开发经验；6．具备系统架构设计能力，有独立设计开发项目经验者优先；7．有较强的分析问题与独立解决问题的能力，良好的沟通能力及团队合作精神；8．有分布式系统 设计经验者优先。", "adress": "广州天河区时代TIT广场A区A337"}
{"name": "Python工程师", "detail_url": "https://www.zhipin.com/job_detail/042f1062dae487d91Xd52tq6EFI~.html", "salary": "12k-20k", "company": "省省回头车", "job_sec": "岗位职责：1．参与高并发的后台服务系统的需求整理和开发工作2．负责系统性能优化和改进3．运用在分布式系统，构建能够满足产品需求的平台，系统及网络基础结构。岗位要求：1．熟悉Python，并具备良好的编程风格，以及能够撰写良好的技术文档；2．深入理解和使用JSON and RESTful Web Services、RPC通信接口开发；3．熟悉消息组件，Kafka、Mongodb、Redis的使用；4．有除 Python 外，任一主流语言开发经验（C/C++/C#/Java/PHP/Nodejs等）；5．熟悉Linux环境，具备两年以上的linux环境开发经验；6．具备系统架构设计能力，有独立设计开发项目经验者优先；7．有较强的分析问题与独立解决问题的能力，良好的沟通能力及团队合作精神；8．有分布式系统 设计经验者优先。", "adress": "广州天河区时代TIT广场A区A337"}
{"name": "python后端开发工程师", "detail_url": "https://www.zhipin.com/job_detail/439337730aca83cc1XZ529-5EVE~.html", "salary": "12k-20k", "company": "省省回头车", "job_sec": "岗位职责：1．参与高并发的后台服务系统的需求整理和开发工作2．负责系统性能优化和改进3．运用在分布式系统，构建能够满足产品需求的平台，系统及网络基础结构。岗位要求：1．熟悉Python，并具备良好的编程风格，以及能够撰写良好的技术文档；2．深入理解和使用JSON and RESTful Web Services、RPC通信接口开发；3．熟悉消息组件，Kafka、Mongodb、Redis的使用；4．有除 Python 外，任一主流语言开发经验（C/C++/C#/Java/PHP/Nodejs等）；5．熟悉Linux环境，具备两年以上的linux环境开发经验；6．具备系统架构设计能力，有独立设计开发项目经验者优先；7．有较强的分析问题与独立解决问题的能力，良好的沟通能力及团队合作精神；8．有分布式系统 设计经验者优先。", "adress": "广州天河区时代TIT广场A区A337"}
{"name": "python量化交易", "detail_url": "https://www.zhipin.com/job_detail/2354e6b22ffa9f0f1XR80tm5GFM~.html", "salary": "10k-20k", "company": "星空传媒", "job_sec": "1. 负责金融数据抓取;2. 设计与开发数字货币量化模型开发软件平台与自动交易软件平台体系，体系包括数据库，历史数据回测系统以及自动交易系统；3. 设计、完善交易模型，对量化交易数据进行统计、汇总、分析；4. 能独立解决实际开发过程碰到的各类问题；5.承办上级领导交办的其他工作。任职要求：1. 全日制本科及以上学历，金融工程、数量经济、统计学等相关专业；2. 熟练运用python语言3·至少熟练运用一种关系型数据库（mysql，sql，oracle）4·熟悉redis等nosql数据库者优先5·从事程序化交易的编程应用2年以上工作经验，有量化研究及交易经验者优先。6·了解数字货币交易相关知识且金融类软件开发或程序化交易产品开发经验者优先.职能类别：计量工程师关键字：python 工程师 量化 爬虫 投资 分析", "adress": "广州市 天河区 盛大国际"}
{"name": "python工程师", "detail_url": "https://www.zhipin.com/job_detail/76dc90f9f65b805b1XB609-9EVI~.html", "salary": "10k-20k", "company": "微分子", "job_sec": "岗位职责：1、按照要求进行Python程序分析、开发、实现；2、根据产品定义，完成各类开发文档的整理和编写；3、对软件进行编码实现，并确保性能、质量和安全；4、对软件进行性能及稳定性进行优化；5、开发常用python工具岗位要求1、2年以上Python开发经验，熟练掌握Python的使用2、具有实际项目开发经验，熟悉python图形界面开发工具pyqt和eric63、熟悉Mysql、Mongodb数据库，了解redis，熟悉linux平台开发4、熟悉基础算法（如：算法复杂度、排序算法、回溯等）和数据结构（如：数组、链表、树等）5、具备较好的学习能力、问题分析能力，可以独立调试解决问题6、良好的沟通协调能力和团队合作意识7、熟悉数字货币交易相关知识或金融类软件开发或程序化交易产品开发经验者优先；", "adress": "广州市 天河区 高德置地广场·春 A座2802"}
{"name": "服务器端研发工程师（python）", "detail_url": "https://www.zhipin.com/job_detail/dedfa350c77fd2171nRz0tu4EFQ~.html", "salary": "12k-24k", "company": "智建云", "job_sec": "公司专注于面向房地产建筑行业的SaaS移动产品。http://www.zhijiancloud.com岗位描述1.根据职级加入到团队中，根据资深程度来做分派；2.负责业务系统的架构设计以及核心功能模块的实现；3.持续重构与维护功能模块，保持可用性、稳定性及扩展性，解决性能瓶颈。任职要求1. 计算机相关本科或者以上学历，1年以上web产品服务器后端开发经验；2. 熟悉Python，熟悉Flask/Django/Tornado其中至少一种框架；3. 熟悉Mysql、Redis，独立设计过项目；4. 熟悉在Unix/Linux平台下开发，了解常用的Shell命令、Git命令；5. 对代码和设计质量有严格要求，重视Code Review，知道良好的编程习惯的标准；6. 具备良好的学习能力、沟通能力和团队协作精神，对技术有非常强烈的热情。", "adress": "广州天河区N次方科技企业孵化器"}
{"name": "python后台开发工程师", "detail_url": "https://www.zhipin.com/job_detail/9d16264e2cf0db941nN72dW6E1o~.html", "salary": "10k-20k", "company": "智建云", "job_sec": "公司专注于面向房地产建筑行业的SaaS移动产品。http://www.zhijiancloud.com岗位描述1.根据职级加入到团队中，根据资深程度来做分派；2.负责业务系统的架构设计以及核心功能模块的实现；3.持续重构与维护功能模块，保持可用性、稳定性及扩展性，解决性能瓶颈。任职要求1. 计算机相关本科或者以上学历，3年以上web产品服务器后端开发经验；2. 熟悉Python/Golang语言编程，熟悉最少一种常用的开发框架；3. 熟悉Mysql，有大量数据的处理经验；4. 熟悉在Unix/Linux平台下开发，了解常用的Shell命令、Git命令；5. 熟悉架构设计、概要设计和详细设计，独自承担过大型项目的架构设计；6. 对代码和设计质量有严格要求，重视Code Review，知道良好的编程习惯的标准；", "adress": "广州天河区N次方科技企业孵化器"}
{"name": "web开发工程师（PHP/python/java）", "detail_url": "https://www.zhipin.com/job_detail/0e56c8e115acbc0c1nx63N69F1Q~.html", "salary": "12k-24k", "company": "智建云", "job_sec": "公司专注于面向房地产建筑行业的SaaS移动产品。http://www.zhijiancloud.com岗位描述1.根据职级加入到团队中，根据资深程度来做分派；2.负责业务系统的架构设计以及核心功能模块的实现；3.持续重构与维护功能模块，保持可用性、稳定性及扩展性，解决性能瓶颈。任职要求1. 计算机相关本科或者以上学历，1年以上web产品服务器后端开发经验；2. 熟悉PHP/Python/Java中至少一种语言；3. 熟悉Mysql、Redis，独立设计过项目，有一定的Mysql性能优化经验；4. 熟悉在Unix/Linux平台下开发，了解常用的Shell命令、Git命令；5. 对代码和设计质量有严格要求，重视Code Review，知道良好的编程习惯的标准；6. 具备良好的学习能力、沟通能力和团队协作精神，对技术有非常强烈的热情；7. 本岗位使用Python做为开发语言。", "adress": "广州天河区N次方科技企业孵化器"}
{"name": "Python", "detail_url": "https://www.zhipin.com/job_detail/203b210cf5ea85ce1nR_0tq7F1Y~.html", "salary": "10k-18k", "company": "萌游", "job_sec": "岗位职责：负责游戏服务端的逻辑开发负责服务端的架构和功能设计任职要求本科以上学历，3年以上游戏服务端开发经验熟悉python及现骨干的库，熟悉linux环境熟悉多线程，多进程，socket,数据库等相关技术高度的工作责任心，思维严谨，逻辑清晰，注重工作效率，可以有效沟通。", "adress": "广州天河区马赛国际商务中心1008"}
{"name": "Python游戏服务器开发工程师", "detail_url": "https://www.zhipin.com/job_detail/6f5e6d4ec48119f61Xd_3dm_EVo~.html", "salary": "10k-20k", "company": "辉耀互娱", "job_sec": "职位描述：1、参与游戏项目的整体技术工作与开发流程；2、根据策划需求，负责游戏服务端功能的开发；3、主动跟进与处理所负责模块的bug；4、按时完成上级主管交予的各项任务；协助处理日常开发、运营中的其他技术支持工作。岗位要求：1、大学本科及以上学历，计算机相关专业，1年以上的游戏开发经验，参与过一款完整的游戏项目者优先。2、熟悉编程语言Python；或者有c++、java、c#等面向对象语言开发经验，愿意转向python语言开发者；3、熟悉linux/unix开发环境，熟练使用mysql或mongodb数据库。4、熟悉TCP/IP协议，熟悉网络编程。5、具有强烈的责任心，良好的分析/解决问题和沟通协调能力，良好的团队合作精神，能承受一定的工作压力。", "adress": "广州市 天河区 海洲信息中心 D栋308-310单位、315-316单位"}
{"name": "Python", "detail_url": "https://www.zhipin.com/job_detail/e2105d9438c1fa131XZ_3NW7GVE~.html", "salary": "10k-18k", "company": "Lete", "job_sec": "负责短视频项目(如抓取抖音排行版,热歌榜)岗位职责：1. 负责分布式爬虫系统的设计，研发和维护工作2. 对抓取的数据进行清洗，落地和分析3. 负责爬虫策略的的更新和维护，保证数据抓取的准确高效岗位要求：1. 2年以上爬虫或者数据相关经验，计算机基础扎实，包括计算机网络，操作系统，数据结构2. 熟悉 Linux 开发环境，至少熟悉 Python/Java/Node.js 中的一种编程语言 3. 理解 HTTP 协议，熟悉 HTML、DOM、XPath 等 4. 具有MySQL等数据库应用开发经验，有NoSQL（Redis，MongoDB）的实践经验5. 熟悉常见大数据处理技术（HDFS/HBase/Hive/MapReduce），有海量数据处理，挖掘，搜索推荐经验者优先6. 踏实靠谱，热爱技术钻研，自驱能力强，一线互联网相关工作经验背景可加分", "adress": "广州番禺区敏捷·上城国际一栋1105"}
{"name": "Python", "detail_url": "https://www.zhipin.com/job_detail/548791f8895fe7cd1XZ909W1FFo~.html", "salary": "10k-20k", "company": "炫米", "job_sec": "基础能力：1. 熟练使用 Linux/Unix ，熟悉常用命令和简单的shell脚本；2. 熟悉Python语言并有实际项目开发经验，有flask框架使用经验（了解熟悉其他tornado, jiango等）；3. 熟悉多种数据库，掌握原生数据库表的设计，并熟悉原生sql，能提出高效的查询优化方案（如MySQL/Postgresql/Redis/MongoDB等），能根据业务使用最优的数据缓存机制。4. 熟悉开发环境生产环境下的部署工具（如supervisor）。5. 具有分布式项目经验（如cellery等）6. 良好代码设计能力，具备面向对象设计模式编程思想。8. 熟悉nginx的使用。任职要求：1. 个人希望往后端架构师方向发展突破。2. 了解并使用过kvm虚拟机技术。3. 了解并使用过docker进行服务部署。4. 了解python微服务架构，并有所尝试（如nameko微服务框架）。5. 了解 Kubernetes 集群管理工具，并有所尝试。6. 深入了解rpc并有所尝试。7. 了解消息队列工具（如RabbitMQ）等。8. 如果以上技术皆已经掌握精通那就更好了。任职态度：1. 强大的学习能力，保持谦虚，乐于分享。2. 强大的自我驱动能力，对自我的人生高度有所追求。3. 强大的抗压能力，能在自我成长中完成工作目标。公司文化与福利：1. 公司主要是做webgl，web3D技术这块的，偏向技术，属于技术驱动型公司，提供3D技术SDK整体解决方案。2. 鼓励新技术的研究与应用。3. 每天充裕的零食。4. 强调自我驱动，并且对付出多者给予及时的奖励（季度内）。5. 定时的teambuilding，给予工作之余的团队生活。", "adress": "广州番禺区五洲城国际建材中心C栋7007"}
{"name": "Python云计算", "detail_url": "https://www.zhipin.com/job_detail/e99d2adc21d9b5f81XZz0tq7GVQ~.html", "salary": "10k-20k", "company": "炫米", "job_sec": "基础能力：1. 熟练使用 Linux/Unix ，熟悉常用命令和简单的shell脚本；2. 熟悉Python语言并有实际项目开发经验，有flask框架使用经验（了解熟悉其他tornado, jiango等）；3. 熟悉多种数据库，掌握原生数据库表的设计，并熟悉原生sql，能提出高效的查询优化方案（如MySQL/Postgresql/Redis/MongoDB等），能根据业务使用最优的数据缓存机制。4. 熟悉开发环境生产环境下的部署工具（如supervisor）。5. 具有分布式项目经验（如cellery等）6. 良好代码设计能力，具备面向对象设计模式编程思想。8. 熟悉nginx的使用。任职要求：1. 个人希望往后端架构师方向发展突破。2. 了解并使用过kvm虚拟机技术。3. 了解并使用过docker进行服务部署。4. 了解python微服务架构，并有所尝试（如nameko微服务框架）。5. 了解 Kubernetes 集群管理工具，并有所尝试。6. 深入了解rpc并有所尝试。7. 了解消息队列工具（如RabbitMQ）等。8. 如果以上技术皆已经掌握精通那就更好了。任职态度：1. 强大的学习能力，保持谦虚，乐于分享。2. 强大的自我驱动能力，对自我的人生高度有所追求。3. 强大的抗压能力，能在自我成长中完成工作目标。公司文化与福利：1. 公司主要是做webgl，web3D技术这块的，偏向技术，属于技术驱动型公司，提供3D技术SDK整体解决方案。2. 鼓励新技术的研究与应用。3. 每天充裕的零食。4. 强调自我驱动，并且对付出多者给予及时的奖励（季度内）。5. 定时的teambuilding，给予工作之余的团队生活。", "adress": "广州番禺区五洲城国际建材中心C栋7007"}
{"name": "Python/PHP后端研发工程", "detail_url": "https://www.zhipin.com/job_detail/c425392e2f9157d90nF739m7FA~~.html", "salary": "13k-26k", "company": "有米科技", "job_sec": "工作职责：1. 参与移动广告平台的功能研发。2. 参与DSP投放管理后台的功能研发。3. 广告投放相关的海量数据分析、挖掘、整理，提供实时，有效的数据报告。4. 高并发低延迟的DSP投放系统的研发和维护。5. 高性能的基础架构和中间件的研发和维护。职位要求：1. 精通C/C++/Python/PHP/Golang等一门以上语言。2. 熟悉HTML/CSS，了解Javascript，有一定的Web开发经验基础。3. 熟悉Linux操作系统的相关知识，有维护和调优Linux服务器经验。4. 熟悉MySQL的相关知识，有SQL调优经验。5. 熟悉Mongo，Redis等NoSQL数据库，并有相关经验。6. 有高并发或与之相关的项目经验者优先。7. 有异地跨机房经验者优先。8. 有维护个人技术博客1年以上者优先。9. 具有良好得学习能力和成长潜力，渴望和团队一起成长。", "adress": "广州大学城青蓝街26号有米科技大厦14-17层"}
{"name": "Python 后端开发工程师", "detail_url": "https://www.zhipin.com/job_detail/4a4be81cb480633e1XV63t-7FlY~.html", "salary": "10k-18k", "company": "玩胜科技", "job_sec": "1、负责公司内部项目服务端的研发工作；2、负责公司服务器相关的维护、性能调优等工作；3、负责公司基础平台的研发工作；4、负责编写设计开发文档、设计手册、应用手册相关技术文档。5、负责数据的获取及分析职位要求 ：1、3年的Python相关软件开发经验；2、 计算机基础理论扎实，熟悉数据结构、算法、操作系统、TCP、HTTP 等计算机基础知识；3、熟练掌握 Python 语言； -深入了解 Django、Flask、Tornado 等主流 Python Web 框架；4、 熟悉 MySQL/Redis 等数据库, 并有良好的数据库设计和优化能力；5、具备较强的编程能力，了解正确的编码规范；6、 熟悉 Unix/Linux 操作系统；7、 具有较强团队合作、发现问题、解决技术问题的能力，思路清晰，可提出创新解决方案；8、 熟练掌握 Java/Golang/C++ 等编程语言者优先；9、 熟悉自动化运维以及 Ansible/Docker/Kubernetes 等相关工具者优先。", "adress": "广州市 天河区 鸿德国际酒店 16楼1610"}
{"name": "Python开发工程师", "detail_url": "https://www.zhipin.com/job_detail/d9473cd85db6d6e21nF_39q5EVU~.html", "salary": "10k-16k", "company": "咏声动漫", "job_sec": "工作职责：1. 参与设计和开发高度自动化的CG制作Pipeline, 并基于此Pipeline开发各种Python自动化的工具和插件；2. 根据动画制作主管或动画导演提出的需求，开发出相应的插件工具去实现；3. 对现有的Python工具插件进行维护，根据需求进行功能修改或者升级；4. 撰写技术文档或录制插件工具操作视频；5. 定期举行内部技术讲座，提升公司的动画制作技术水平;4. 参与开发公司内部的独立软件；任职要求：1. 对CG制作软件工具插件开发有浓厚兴趣，有良好的编程逻辑思路，熟悉Python编程；2. 熟悉三维软件的插件架构，利用Python API进行二次开发；3. 熟悉三维动画制作流程里面的建模、绑定、动画、灯光材质、特效、渲染等模块里的其中一项或多项的相关制作流程；4. 良好的英文读写和优秀的沟通能力；掌握以下一项或多项技能的优先考虑录用：1. 同时熟悉动画制作相关三维软件的Python工具开发；2. 懂得C++编程，利用三维软件进行C++ API进行插件开发；3. 懂得Open GL图形图像开发；4. 懂得利用Open CL / CUDA开发高性能的CG工具插件；5. 懂得Agile团队软件开发流程；", "adress": "新达成广场"}
{"name": "Python 爬虫工程师", "detail_url": "https://www.zhipin.com/job_detail/59fa280b889875e11XV40ty8EFM~.html", "salary": "12k-20k", "company": "有米科技", "job_sec": "职位描述:1. 负责数据产品平台爬虫系统的设计、研发与维护2. 设计爬虫策略与算法,提升抓取效果3. 持续优化系统,提高系统的稳定性及性能职位要求:1. 熟悉 Python,有较丰富的爬虫系统开发经验2. 熟悉常用的数据结构和算法,熟悉常见设计模式3. 熟悉网络编程(TCP/HTTP 协议),具有 Linux 下编程经验和操作经验4. 能够解决反爬虫、网络异常等各种常见爬虫问题5. 了解分布式系统的设计与实现,有自动化测试经验6. 熟悉 Kafka/Storm/Hadoop/Spark/HBase 等大数据相关技术7. 优秀的分析、解决问题能力,对处理未知的、挑战性问题充满激情8. 良好的沟通能力和团队合作精神", "adress": "广州番禺区有米科技股份有限公司14-17层，面试交流在15层"}
{"name": "Python", "detail_url": "https://www.zhipin.com/job_detail/9610450253fc55651XR939q9ElM~.html", "salary": "10k-15k", "company": "广州瀚卓", "job_sec": "熟悉棋牌游戏开发", "adress": "广州天河区马赛国际商务中心2607"}
{"name": "python运维开发工程师", "detail_url": "https://www.zhipin.com/job_detail/6085338bb499a5821nN72Ni4EFM~.html", "salary": "10k-18k", "company": "智建云", "job_sec": "岗位职责:1. 负责公司业务生产系统、网络、数据库、应用的日常搭建、维护及管理等。2. 负责应用系统的性能分析与架构优化，挖掘问题隐患、配合制作相关预案。3. 负责配合开发搭建测试平台，协助开发设计、推行、实施和持续改进。4. 负责相关故障、疑难问题排查处理，编制汇总故障、问题，定期提交汇总报告。5. 负责日常系统可用性、性能等监控，提供IT软硬件方面的服务和支持，保证系统的稳定。任职资格:1. 2年以上相关工作经验，本科以上学历，计算机或相关专业优先。2. 熟悉Shell，Python。3. 熟悉Linux操作系统，了解基本网络原理，熟悉TCP/IP、HTTP等协议。4. 熟悉Nginx、HAProxy、JVM、MySQL、Redis等常用软件的安装，管理，及调优。5. 熟悉至少一种配置管理工具，如Fabric/Ansible/Saltstack，有海量服务器管理经验者优先。6. 熟悉Zabbix、Nagios、Cacti等常用运维监控软件的安装、配置及管理者优先。7. 有Hadoop、Spark、Kafka、Docker运维经验优先。8. 责任心强，积极主动，热爱学习，有良好的沟通能力和团队合作能力。", "adress": "广州天河区N次方科技企业孵化器"}
{"name": "Python开发工程师", "detail_url": "https://www.zhipin.com/job_detail/35d8d8594025e5d61XVz3Ny1FFU~.html", "salary": "10k-15k", "company": "启明星辰", "job_sec": "岗位职责1、负责软件类项目前段页面的设计、研发等；2、配合项目沟通、协调、分配各种资源，确保项目按预期的目标完成；知识架构1、熟悉:Python、shell编程能力2、良好的office操作能力相关经验1、计算机软件等相关专业，本科或以上学历，2、具有3年以上前段开发工作经验。素质能力具备良好的项目管理、需求分析和架构设计能力具备良好的沟通能力，和团队协作能力，能够在压力下开展工作；", "adress": "广州市 天河区 天河区"}
{"name": "Python课程设计", "detail_url": "https://www.zhipin.com/job_detail/35011545d869c4771XR73N-_ElA~.html", "salary": "10k-20k", "company": "恒企教育", "job_sec": "工作内容:1.负责Python课程内容研发。2.负责Python课程部分内容讲授(精通一种方向)3.完成领导交办的其他任务。任职资格：1.计算机相关专业，全日制本科及以上学历，优秀者可放宽至大专。2.2年以上Python编程经验。3.了解计算机硬件、Linux基础。4.掌握爬虫、数据分析5.掌握常用Web框架，如Django、Flask、Tornado。6.了解数据结构和常用算法。7.了解机器学习和深度学习优先。", "adress": "广州白云区恒企大厦"}
{"name": "python爬虫开发工程师", "detail_url": "https://www.zhipin.com/job_detail/ea1e8594c4282ae51nJz3N6_Elo~.html", "salary": "10k-15k", "company": "球讯科技", "job_sec": "岗位职责：1、 设计和开发分布式爬虫和调度系统，负责爬虫核心算法和调度策略优化；2、 负责网络信息搜集方向的研究与开发，应用海量网页抓取、信息精准抽取等搜索核心技术，构建高可用性、高可扩展性的网络信息搜集平台；3、熟悉爬虫的应用策略和网站的防爬机制，解决各类验证码识别机制，提升网页抓取的效率和质量；4、负责多个业务网站和APP数据的数据爬取、解析、过滤，清洗、消重、结构化处理等工作，提升平台的抓取效率。任职要求：1.大学本科及以上学历，计算机相关专业，基础扎实；2. Python工作经验3年以上，熟悉Python常用函数库，熟练掌握Xpath和正则表达式；3.精通常用Python爬虫框架中的一种或多种，熟悉Scrapy、Pyspider框架中的至少一种；4.熟练掌握MySql、Mongodb等SQL、NoSQL数据库，有丰富的mysql性能优化经验；5.熟练掌握网页抓取原理及解析技术，对SQL优化有一定的经验熟悉基于正则表达式、XPath、CSS等网页信息抽取技术；6.具有优秀的团队合作和沟通协作能力；7.具备良好的编码习惯及开发文档书写习惯。", "adress": "广东省广州市天河区棠下街道大舜丽池国际酒店"}
{"name": "Python开发(gis方向)", "detail_url": "https://www.zhipin.com/job_detail/35548bc7bed4d3c51n1_39y8F1c~.html", "salary": "10k-20k", "company": "星舆科技", "job_sec": "岗位职责：1、 负责高精度地图相关平台开发，按照软件需求编写详细设计、代码、及相关技术文档；2、对反馈的项目缺陷进行定位、跟踪、调试和修复；3、能独立完成业务模块的开发；4、代码、文档按时提交公司的配置库；5、完成上级临时分派的相关事务。岗位要求：1. 计算机或GIS相关专业；掌握GIS开发技术；2. 掌握Python，掌握C/C++或Java任意一种；3. 熟悉大型关系型数据库、QGIS者优先考虑。福利待遇：1、国家法定节假日、带薪年假、股票期权；2、五险一金基本保障，入职当月即缴纳社保(当月15日后入职的次月缴纳社保)；3、极具竞争力的薪酬，年终奖金另计；4、定期团队活动、年会；各类过节福利、节日礼品、慰问金等；5、晚七点餐补、晚九点的士补；还有不定期聚餐、旅游、水果、下午茶等；6、公司处广电科技园内，风景雅致，有大型员工餐厅；公司设有冰箱、微波炉等，可自带饭菜；也可由前台统一订购外卖；7、浓郁的科技创新氛围，务实扁平化组织；和谐、融洽、分享的工作氛围，更有nice的领导，牛人大咖的指引；8、符合落户条件者，公司负责办理广户手续及报销费用。", "adress": "广州天河区广电科技大厦305"}
{"name": "Python开发工程师", "detail_url": "https://www.zhipin.com/job_detail/552254fa1d0269141nd93921GFE~.html", "salary": "10k-20k", "company": "柯美利", "job_sec": "岗位职责:1. 负责爬虫系统的设计、研发与维护；2. 设计爬虫策略与算法,提升抓取效果；3. 持续优化系统,提高系统的稳定性及性能；4.处理海量结构化数据的挖掘，找寻数据间的内在关联，并在此基础上构建机器学习模型。5.挖掘算法优化，数据分类及分布统计，为其他部门提供特定需求的数据。任职条件:1. 熟悉 Python/Node.js,有较丰富的爬虫系统开发经验；2. 熟悉常用的数据结构和算法,熟悉常见设计模式；3. 熟悉网络编程(TCP/HTTP 协议),具有 linux 下编程经验和操作经验;；4. 能够解决反爬虫、网络异常等各种常见爬虫问题；5. 了解分布式系统的设计与实现；6. 优秀的分析、解决问题能力,对处理未知的、挑战性问题充满激情；7. 良好的沟通能力和团队合作精神。", "adress": "广州天河区富力盈盛广场B座1510"}
{"name": "Python", "detail_url": "https://www.zhipin.com/job_detail/bb3647de76f25ff81nxz39i8FFY~.html", "salary": "13k-18k", "company": "视源股份(CVTE)", "job_sec": "负责人工智能方向的工程后台开发；配合算法团队对系统调优和反馈；", "adress": "广州黄埔区CVTE第二产业园"}
{"name": "Python", "detail_url": "https://www.zhipin.com/job_detail/d045ce8860c560691nZ52N6-EFE~.html", "salary": "10k-15k", "company": "广州力为", "job_sec": "职位描述：1.参与高并发的后台服务系统的需求整理和开发工作2.负责系统性能优化和改进岗位要求：1.熟悉Python,并具备良好的编程风格，以及能够撰写良好的技术文档；2.熟悉消息组件，Redis的使用；3.有除Python外，任一主流语言开发经验（C/C++/C#/Java/PHP/Node js等）4.熟悉Linux环境，具备两年以上的linux环境开发经验；5.具备系统架构设计能力，有独立设计开发项目经验者优先：6.有较强的分析问题与独立解决问题的能力，良好的沟通能力及团队合作精神。7.有分布式系统 开发经验者优先", "adress": "广州天河区天河慧通产业广场(元岗横路)A1栋1432室"}
{"name": "云计算运维工程师", "detail_url": "https://www.zhipin.com/job_detail/5c7ae4a6f33acadb1XZy39q4FVE~.html", "salary": "10k-20k", "company": "联想(北京)", "job_sec": "1. 具备3年左右opestack项目运维/实践经验2. 精通Linux系统，能够排查系统故障，有一定的架构知识如： Nginx, tomcat, Memcached等3. 熟悉KVM虚拟化技术。能独立使用KVM技术生产并管理虚拟机者优先；3. SQLserver/mysql数据库语言会任意一种；4. 熟练掌握Shell/Python编写能力两个技能任意一种；5. 有网络设备及TCP/IP协议的配置和排错能力；6. 了解KVM虚拟化技术7. 计算机相关专业，专科及以上学历", "adress": "广州市 天河区 高志大厦 高志大厦20楼"}
{"name": "数据产品经理", "detail_url": "https://www.zhipin.com/job_detail/8f5c78274c626dc51XZ_2ty5FVc~.html", "salary": "10k-20k", "company": "金山办公软件", "job_sec": "职位描述：1.整理和设计产品的数据指标和技术埋点，确保数据能全面及时地反映产品的实际状态；2.根据实际业务完成较深入的专项分析，发现对产品优化有价值的数据，并形成分析报告；3.协助产品团队，完成基于数据分析的产品优化方案；技能要求：1.统计学、数学、经济学等相关专业优先，熟悉机器学习或数据挖掘理论或技术；2.较好的逻辑思维能力、沟通能力、快速学习能力、团队合作意识；3.熟练掌握常用的数据分析方法和工具 (SQL、SPSS、R、Python 等）；4.熟悉互联网产品，并具备一定的产品思维。工作地点：广州、珠海", "adress": "广州天河区建中路60号科迅大厦6楼"}
{"name": "WEB前端开发工程师", "detail_url": "https://www.zhipin.com/job_detail/46688c47a3fb271d1XVz3tS4EFc~.html", "salary": "10k-15k", "company": "棒谷", "job_sec": "岗位职责：1、负责电商大数据分析前端页面的开发和优化等工作；2、参与项目需求评审、与相关人员沟通、保证开发的质量与进度；3、持续的优化相关的产品的质量、性能、用户体验。任职要求：1、统招本科以上学历，2年以上前端开发工作经验；2、精通 HTML5/Javascript，熟练运用Vue 等主流框架；3、精通浏览器调试工具的各种功能及利用它的调试方法；4、熟悉前端应用的架构和开发流程，熟练使用 Grunt/Gulp/Webpack 等工具构建前端自动化工具；5、熟悉 Nodejs/Java/Go/Python 中的一种或几种后端开发语言；6、熟练使用 Git 进行代码的版本管理和工作流的构建；7、热爱技术，有技术好奇心及持之以恒的钻研心态。", "adress": "广州市 白云区 白云区 景泰街机场东门路1号豪泉大厦"}
{"name": "爬虫开发工程师", "detail_url": "https://www.zhipin.com/job_detail/e876d11ffdbf02a31XZ52Ny6E1c~.html", "salary": "12k-23k", "company": "龙席网络", "job_sec": "【岗位责任】1、负责爬虫系统的设计、研发与维护；2、设计爬虫策略与算法，提升抓取效果；3、持续优化系统，提高系统的稳定性及性能。【岗位要求】1、计算机相关专业本科以上学历，2年以上爬虫开发经验，有电子商务数据处理开发经历优先；2、精通Java、python语言，熟悉python的架构及相关技术，包括Scrapy框架或其他的Web scraping framework；3、能够解决反爬虫、网络异常等各种常见爬虫问题；4、了解分布式系统的设计与实现；5、有热情，酷爱技术，有良好的计划、沟通、组织协调能力、语言表达能力；较强的逻辑分析能力和应变能力；良好的团队合作精神；6、具备高度的责任心、工作严谨细致，能承受一定的工作压力。", "adress": "广州市 天河区 科珠路 科珠路206流行美产业园五楼龙席网络"}
{"name": "爬虫工程师", "detail_url": "https://www.zhipin.com/job_detail/95da2c20d472b9881XR_3dq6FlM~.html", "salary": "10k-15k", "company": "PPmoney", "job_sec": "岗位职责：1.爬取各大金融咨询信息；2.负责指定的网站进行页面抓取、数据清理提取；3.参与已有爬虫系统中作业的检验，设计和优化爬虫策略，充分利用已有服务器和宽带资源进行优化；4.针对APP数据进行抓包分析，爬取APP数据并整合存储。任职资格：1.本科及以上学历，计算机相关专业,两年以上相关工作经验；2.掌握Python、Java等编程语言，了解多线程、多进程、网络通信等编程相关知识；3.掌握网页抓取原理，了解TCP/HTTP协议、Html/Js/Css、Ajax等技术，熟悉一般的网站登陆原理；4.具有实际爬虫开发工作经验，熟悉常见爬虫框架和工具，比如pyspider, scrapy和Selenium等；5.了解爬虫框架原理、有过APP抓包分析经验者优先；6.具有数据挖掘、自然语言处理等相关经验者优先；7.能够快速学习和掌握新技术，优秀的分析、解决问题能力，具备团队合作精神。", "adress": "广州市 天河区 高德置地广场·冬(珠江东路) H座39楼"}
{"name": "云计算开发工程师", "detail_url": "https://www.zhipin.com/job_detail/b5c1e8679036fba71nJ73t-9GVo~.html", "salary": "10k-20k", "company": "蓝盾股份", "job_sec": "工作描述：1、设计开发云计算管理平台组件；2、围绕云计算平台，设计开发辅助组件，包括自动部署、监控等功能；3、对各个系统组件进行性能测试调优；4、协助日常测试和维护工作。任职要求：1、本科以上计算机相关专业；2、熟悉python、C#、C/C++等一种以上开发语言；3、熟悉Linux操作系统，掌握linux常用命令；4、有两个以上项目经验，掌握开发流程，了解常用的设计模式和开发框架；5、有个人技术专长，能解决特定领域的难题；6、熟悉云计算概念和原理，了解openstack架构。", "adress": "广州市天河区黄埔大道中路336号御发商务中心4-6楼"}
{"name": "运维工程师", "detail_url": "https://www.zhipin.com/job_detail/f80c2852bfc841821n1y2dq1GVs~.html", "salary": "13k-18k", "company": "千钧网络科技", "job_sec": "工作职责1、负责千帆直播主站产品运维工作；2、编写系统运维所需的各种服务和工具脚本；3、开发、完善系统监控、报警、自动部署等内部工具；4、负责系统及应用的安全，网络安全，数据的日常备份和应急恢复；5、规划和优化网站系统架构，提升系统服务性能和服务效率。任职资格1、本科或以上学历，计算机，电子，数学，物理相关专业；2、三年以上互联网运维或者运维开发经验；3、熟悉大型网站的技术架构，熟悉 Linux 操作系统，熟悉 Web Server，熟悉 MySQL 数据库的管理和性能优化；4、熟练掌握 Shell、Perl、PHP、Python 的脚本编程一种或多种；5、熟悉 TCP/IP、HTTP(S)、FTP 等协议，有良好的网络、存储、安全、计算机体系结构方面的知识；6、有 Java/Web 部署及运维经验者优先，熟悉 Linux 内核者优先；7、较强的英语阅读能力，CET-4 以上，能顺利查阅英文材料；8、良好的逻辑分析能力、分析问题和解决问题的能力，良好的沟通能力；", "adress": "广州天河区时代E-PARK5栋301"}
{"name": "大数据分析师", "detail_url": "https://www.zhipin.com/job_detail/f5cd1c6109851c8d1XZz2N29FFQ~.html", "salary": "10k-18k", "company": "北京中讯汉扬", "job_sec": "1.计算机、自动化、电子、数学或统计学等相关专业本科以上学历；2.三年以上数据相关的开发经验，精通Python、Scala、R中的至少一种；3.两年以上实时计算领域开发经验，精通Spark streaming、Flink、Storm中的至少一种；4.熟悉常见的开源工具，如Kafka、Storm、Spark、Hadoop、Hive、Hbase、ElasticSearch、Flume、Zookeeper、Kylin等;5.熟悉Sql/Hsql，掌握Hive、Mysql、Drill等工具；6.熟悉分布式系统的设计和应用，熟悉分布式缓存、消息等机制，并能合理应用分布式技术，解决问题；7.有大数据项目的架构设计经验；8.对于高并发、高稳定可用性、高性能、大数据处理有过实际项目产品经验者优先9.在数据建模、数据治理、全网数据优化、数据挖掘等任一方向有实际经验者优先；10.从事过海量数据处理，有高并发，高性能系统实际经验者优先；", "adress": "广州天河区广州等"}
{"name": "linux 云计算驻场运维（阿里云）", "detail_url": "https://www.zhipin.com/job_detail/fe108829ffa5b53c1XR-3t69GFY~.html", "salary": "10k-15k", "company": "华云中盛", "job_sec": "岗位职责：1、驻场运维工程师；2、负责专业运用系统的维护。管理、故障排除等日常工作，确保系统的正常运行；3、安装和维护服务器、系统软件和应用软件，同时提供软硬件技术支持；4、解除排除各种软硬件故障，做好记录，定期只做系统运维报告；5、维护数据中心，对系统数据进行备份。岗位要求：1.大学计算机或者相关专业，有两年以上分布式系统的运维经验；2. 精通 Linux，掌握 Linux 系统命令，调优方法；3.熟悉一门以上脚本语言（例如 Python/Shell/PHP 等）；4. 熟悉虚拟化（Xen/KVM），了解 SDN 网络、存储者更佳；5. 具备良好的客户服务意识，良好的沟通能力及强烈的责任心；6. 有快速分析问题和解决问题的能力，有很好的技术敏感度和风险识别能力；", "adress": "广州市 天河区 华建大厦"}
{"name": "数据平台开发工程师", "detail_url": "https://www.zhipin.com/job_detail/e6d3ecf51a7fb2401XRy29y-FFo~.html", "salary": "10k-20k", "company": "100教育", "job_sec": "（秒回）岗位职责1、设计数据模型的ETL实现，参与团队ETL流程的优化以及相关技术问题的解决；2、负责实时/离线计算平台的设计和研发；3、完成数据建模、统计报表、数据分析需求开发；4、持续改进数据平台服务架构，保证系统高可用性和高可扩展性任职要求1、计算机相关专业，3年以上的数据相关实际项目经验，对技术有极大的热情；2、熟悉MYSQL，有较好的SQL性能调优经验；3、熟悉python或java；4、对数据敏感、具有ETL设计与开发、数据建模、数据质量保障、元数据管理、指标体系建设等项目实践经验优先。5、有计费系统经验者优先", "adress": "广州市 番禺区 100教育(总部)"}
{"name": "golang服务端开发", "detail_url": "https://www.zhipin.com/job_detail/136c2a02716a3d021XZ52Ni4FVI~.html", "salary": "10k-18k", "company": "朋友玩", "job_sec": "岗位职责：1、游戏服务器端逻辑系统开发，使用Golang语言编写服务器端各模块与逻辑代码；2、服务器端压力测试与维护。职位要求：1.热爱游戏，善于沟通，有1年以上游戏服务端开发经验；2.掌握常用数据结构、算法，熟悉面向对象的编程方法；3.基本功扎实，熟悉C/C++、JAVA、C#、python其中的一种或几种语言，无golang经验亦可；4.具备Linux下开发、调试和操作的经验；5.对多线程，多协程开发有深刻理解者；6.熟悉redis的常用数据结构，熟悉mongodb数据库；7.了解docker、kubernetes加分；8.熟悉TCP / HTTP 1.1 / HTTP 2 网络协议加分；", "adress": "广州市 天河区 佳都商务大厦 西塔9楼"}
{"name": "数据分析师", "detail_url": "https://www.zhipin.com/job_detail/75a54a00c93a71250XB83di8EQ~~.html", "salary": "10k-18k", "company": "棒谷", "job_sec": "工作职责1、负责出口跨境电商运营相关的人货场的数据体系建设和维护，进行分析并输出对应策略和建议；2、快速响应对接的运营业务方的数据需求，通过现有的数据系统和提数平台获取数据并输出分析报告；3、负责日常业务数据指标的梳理和监控，推进业务报表和数据监控自动化产品的落地；4、通过专题分析，定期对业务问题进行深入探讨，为运营决策、产品方向、营销策略提供数据支持；5、优化现有数据内容输出的流程，提升数据监控和相关数据运营只能的效率和精准性；6、形成完整有效的数据分析方法论，并在团队内进行分享和互动；职位要求：1、 本科以上学历；2年以上数据分析工作经验优先，零售、互联网背景优先；2、 有较强的沟通表达能力，与业务上下游同事高效交流，捕捉提炼症结问题；输出工作成果深入浅出，提供有业务说服力的分析结果给到业务部门；3、 逻辑思维严密，有很好的分析能力和商业嗅觉，能独立完成专项分析项目；4、 熟练使用SQL/EXCEL，会R/python/java/spark尤佳，熟悉hadoop、hive等工具者优先；", "adress": "广州市白云区景泰街机场东门路1号豪泉大厦2楼大厅"}
{"name": "自动化测试工程师", "detail_url": "https://www.zhipin.com/job_detail/7465927c90850d421XZ829i4GVM~.html", "salary": "10k-20k", "company": "米多科技", "job_sec": "岗位职责：1、根据测试用例完成产品自动化测试脚本的编制；2、根据测试方案完成自动化测试的实施；3、负责自动化测试工具的开发与维护；4、负责推进自动化测试应用覆盖度,并体现其价值；5、探索新的测试方法和工具，提高软件测试质量和效率。任职要求：1、大专或以上学历、计算机相关专业；2、2年或以上测试经验；3、熟悉Python，有Python开发经验；4、熟悉自动化测试框架如Selenium/appium等；5、熟悉软件开发、配置管理和质量保证知识。", "adress": "广东省广州市天河区天河区中山大道西299号大舜丽池国际酒店行政办公楼2楼"}
{"name": "爬虫工程师", "detail_url": "https://www.zhipin.com/job_detail/ff60afc9a66c2ec51Xd_39m8EVs~.html", "salary": "10k-20k", "company": "聚焦网络", "job_sec": "岗位职责1、负责数据挖掘项目、信息抽取项目的需求分析、设计及指导实现工作。包含：分词，词性标注、名实体识别、信息抽取、信息摘要技术等；2、有较强的程序代码开发能力和架构能力，扎实的python基础；3、熟悉机器学习/深度学习/人工智能/模式识别相关算法实现，算法优化和性能评估。任职要求1. 精通网络爬虫、互联网搜索、大数据新闻、网络多媒体、网络视频、即时通讯等技术，有着丰富的网络数据爬取工程项目经验；2. 了解自然语言处理及语义分析、图像处理、优化算法等理论和技术，丰富的互联网大数据信息处理、搜索引擎、人工智能等行业经验；3、对word2vec，CNN，LSTM, GRU等方法的原理有深入了解；4、有基于生成式seq2seq、基于检索式对话系统研发经验者优先；5、有深度学习相关经验，熟悉常用的深度学习框架（如TensorFlow、Caffe、Theano等）者优先。", "adress": "广州越秀区星光映景A中心写字楼5A"}
{"name": "爬虫开发工程师", "detail_url": "https://www.zhipin.com/job_detail/d0769e0dad3a45741Xd-3966F1o~.html", "salary": "10k-20k", "company": "租租车", "job_sec": "工作职责：1、 负责设计和开发分布式，多线程网络爬虫应用，包括调度、抓取、入库等内容，进行互联网相关信息的抓取；2、实现海量数据的抓取、抽取，去重、分类，垃圾过滤，质量识别、解析，整理入库等工作 ；3、设计爬虫策略、防屏蔽规则和功能开发及优化；4、网页信息抽取等核心算法的研究和优化。任职要求：1、计算机相关专业，有2年以上的爬虫开发经验；2、掌握网络爬虫开发原理，对互联网各种类型数据交互模式熟悉，知道如何处理需登录、验证码、动态网页等各种情况下的数据采集方法。3、精通html语言，熟悉开源工具，熟悉基于正则表达式、XPath等的信息抽取技术。4、精通Python语言，熟悉网络编程， 掌握Scrapy、Webmagic、Pyspider等开源框架；5、熟悉MySql、Oracle、MongoDB一种或多种数据库开发技术，有较好的数据库设计能力；6、逻辑思维清晰，做事有条理，具备较好的数据分析能力和解决问题的能力；7、熟悉大数据挖掘、自然语言处理、信息检索、机器学习、web挖掘等搜索引擎等相关经验优先；8、对反爬技术有丰富经验者优先。", "adress": "广州市 天河区 天安人寿中心 31楼租租车"}
{"name": "运维工程师（dba方向））", "detail_url": "https://www.zhipin.com/job_detail/a59c207e3e43b3681XVy29q8FFA~.html", "salary": "10k-20k", "company": "中顺网络", "job_sec": "岗位职责1、负责平台数据库的管理和维护，确保系统7*24高可用；2、负责对数据库健康检查、解决故障、监控、性能调优、备份恢复等事项；3、优化平台数据库的整体架构及解决方案的制定和实施；4、熟悉MySQL索引及SQL优化，能编写储存过程，不做硬性规定；5、参与公司版本发布流程。任职要求1.2-3运维工作经验，一年以上MySQL数据库开发/管理经验；2.熟悉MySQL数据库基本原理、各存储引擎差别及使用场景；3.熟悉MySQL主从复制原理，高可用架构；4.熟悉MySQL性能监控指标、MySQL备份恢复原理；5.熟悉MySQL查询优化，索引结构及使用，具备较强的故障分析定位能力；6.熟悉Linux操作系统的安装、配置、管理、优化和常见故障排除，具备I/O性能优化及安全增强经验，熟悉文件系统和存储架构；7.熟悉jenkins，niginx，python ，php，redis优先考虑。", "adress": "广州市 天河区 多玩游戏大楼"}
{"name": "Java开发工程师", "detail_url": "https://www.zhipin.com/job_detail/b334c6018da99ad61XV83N2-FFI~.html", "salary": "10k-20k", "company": "栗子科技", "job_sec": "岗位职责：1、参与海外广告投放系统的需求分析、架构设计、框架设计和系统实现；2、参与数据平台系统的研发，数据归集和数据分析工作；3、维护和升级现有软件产品，修复现有产品的缺陷。任职资格:1. 熟练掌握Java语言，熟悉SpringBoot、JFinal、SSM等开发框架2. 熟练掌握数据库和缓存系统，能正确设计表和索引，能恰当使用缓存3. 有一定架构设计理念。熟悉常用的设计模式4. 有较强的学习动力和自我提升欲望，对解决具有挑战性问题充满激情和好奇5. 计算机或相关专业专科及以上学历6. 三年以上项目开发经验有如下经验者优先：1. 有Python编程经验2. 有前端Vue.js、bootstrap等前端框架开发经验", "adress": "广州天河区员村红砖厂创意园F18a"}
{"name": "高级运维工程师", "detail_url": "https://www.zhipin.com/job_detail/3f16fd2274183dfd1Xd529W8GVI~.html", "salary": "12k-15k", "company": "真功夫", "job_sec": "工作职责：1、负责集团数字化项目基础架构支撑运营工作，涉及基础架构操作系统（Linux）、应用软件的安装、配置、发布、监控及故障应急响应和问题处理。2、参与数据中心服务器、应用的安全防范和数据备份。3、完善数据中心内部监控报警，优化运维架构，提升运维工作的效率。参与数据中心运维自动化体系的建设，实现运维工具化、自动化。岗位要求：1、全日制专科以上学历，5年以上中大型互联网系统维护经验，具备较强的运维管理技能；2、熟悉应用linux操作系统及常见服务配置管理，如：KVM, Docker,httpd, nginx, tomcat, memcached, Redis, ftp, php, rabbitmq, LVS, Haproxy, Keepalived 等；3、深入理解Linux系统以及优化，能够针对业务场景定制linux参数设置，可使用(shell/python)脚本语言编程，实现自动化运维，提高运维效率与质量；4、熟悉 ＭySQL 架构原理及数据库的高可用保障策略和实施方案，可熟练进行数据库设计、开发、维护和调优，对数据库高可用、数据备份、恢复有一定经验；5、熟悉使用 Nagios/Cacti/Zabbix 至少一款监控工具，熟悉 DevOps 流程，熟练应用 ELK,Jenkins, Git, OpenStack 等优先。6、具有大用户量下高性能微服务（SpringCloud）系统部署方案的制定及实施经验优先。", "adress": "广州市 南沙区 上隆岭路 功夫街1号（班车接送）"}
{"name": "爬虫工程师", "detail_url": "https://www.zhipin.com/job_detail/c4ab411b46cf34ed0nVy3NW8EA~~.html", "salary": "12k-24k", "company": "探迹", "job_sec": "工作职责：•\t负责开发网页数据的自动化爬取脚本程序；•\t负责开发网页数据的自动化解析脚本程序；•\t负责清洗、分类已解析的互联网数据；•\t负责自动化数据解析系统的部分模块开发。工作要求：•\t本科及以上学历，计算机相关专业，一年以上相关工作经验；•\t熟悉Python，JavaScript等脚本语言的一种或多种，具备良好的编码能力；•\t熟悉HTML，JQuery，CSS；•\t熟悉http网络传输协议；•\t拥有分布式爬虫经验优先；有新闻/垂直领域爬虫开发经验优先；•\t有激情，喜欢研究新技术，工作细心，有耐心，具备良好的团队协作能力。", "adress": "广州市番禺区数字家庭研发中心一期研发大厦"}
{"name": "linux运维", "detail_url": "https://www.zhipin.com/job_detail/0f413bed82354be11XZ43NW7Elo~.html", "salary": "13k-20k", "company": "天行客科技", "job_sec": "", "adress": null}
{"name": "Web后端开发工程师", "detail_url": "https://www.zhipin.com/job_detail/9508d5a07950d2081XV80ty_FlU~.html", "salary": "10k-20k", "company": "海启星", "job_sec": "", "adress": null}
{"name": "web后台工程师（ＧＯ语言）", "detail_url": "https://www.zhipin.com/job_detail/0a086a1df1742b7c1XV809m0EFc~.html", "salary": "10k-20k", "company": "广州康行信息技术", "job_sec": "", "adress": null}
{"name": "Hadoop", "detail_url": "https://www.zhipin.com/job_detail/6dc8b3905edf3ac71nJ_2t2-GQ~~.html", "salary": "10k-18k", "company": "广州泰迪", "job_sec": "", "adress": null}
{"name": "运维主管", "detail_url": "https://www.zhipin.com/job_detail/6df3c8064d5fc9b71nN43Ni1GVM~.html", "salary": "10k-17k", "company": "玖的数码", "job_sec": "", "adress": null}
{"name": "测试开发工程师", "detail_url": "https://www.zhipin.com/job_detail/be7a19e90c4028671nd90t-7Els~.html", "salary": "12k-24k", "company": "广州视臻", "job_sec": "", "adress": null}
{"name": "Web安全工程师", "detail_url": "https://www.zhipin.com/job_detail/26c3ddcb256e800e1nx709W4ElU~.html", "salary": "10k-20k", "company": "广州宏强网络", "job_sec": "", "adress": null}
{"name": "运维工程师", "detail_url": "https://www.zhipin.com/job_detail/1bfc7c5fdb49ffc41XZ53d-8EVo~.html", "salary": "13k-20k", "company": "龙席网络", "job_sec": "", "adress": null}
{"name": "手游测试", "detail_url": "https://www.zhipin.com/job_detail/6344b4765f5480371nNz09i5FVI~.html", "salary": "14k-20k", "company": "泽娱网络", "job_sec": "", "adress": null}
